{
  "polaritySentiWS": -25.822699999999923, 
  "positiveSentiWS": 163.35619999999994, 
  "negativeSentiWS": 189.17889999999963, 
  "positiveSentiWSDichotom": 1243, 
  "negativeSentiWSDichotom": 598, 
  "polaritySentiWSDichotom": 645, 
  "positiveNrc": 1649, 
  "negativeNrc": 1085, 
  "polarityNrc": 564, 
  "anger": 423, 
  "anticipation": 785, 
  "disgust": 276, 
  "fear": 487, 
  "joy": 726, 
  "sadness": 739, 
  "surprise": 358, 
  "trust": 932, 
  "emotion": 1906.8569339430194, 
  "arousel": 9209.472194194046, 
  "positiveBawl": 3039.562673683999, 
  "negativeBawl": 1132.7057397409988, 
  "positiveBawlDichotom": 2496, 
  "negativeBawlDichotom": 948, 
  "polarityBawlDichotom": 1548, 
  "positiveCd": 985.6000000000074, 
  "negativeCd": 633.3000000000009, 
  "neutralCd": 0.0, 
  "polarityCd": 352.30000000000655, 
  "positiveCDDichotom": 1108, 
  "negativeCDDichotom": 717, 
  "polarityCDDichotom": 391, 
  "positiveGpc": 2043, 
  "negativeGpc": 4531, 
  "neutralGpc": 0, 
  "polarityGpc": -2488, 
  "positiveCombined": 1119, 
  "negativeCombined": 702, 
  "polarityCombined": 417
}